<metadata xml:lang="pl"><Esri><CreaDate>20210520</CreaDate><CreaTime>13164000</CreaTime><ArcGISFormat>1.0</ArcGISFormat><SyncOnce>FALSE</SyncOnce><DataProperties><lineage><Process ToolSource="c:\program files\arcgis\pro\Resources\ArcToolbox\toolboxes\Data Management Tools.tbx\CreateFeatureclass" Date="20210520" Time="131640">CreateFeatureclass \\gmk.local\dane\OC\OC-04\ANNA\02_Mapa_2021\Proba_1\Proba_1.gdb maj_ExcelToTable1_XYTableToPoint Point maj_ExcelToTable1 No No "GEOGCS['GCS_WGS_1984',DATUM['D_WGS_1984',SPHEROID['WGS_1984',6378137.0,298.257223563]],PRIMEM['Greenwich',0.0],UNIT['Degree',0.0174532925199433]];-400 -400 1000000000;-100000 10000;-100000 10000;8.98315284119521E-09;0.001;0.001;IsHighPrecision" # 0 0 0 #</Process><Process ToolSource="c:\program files\arcgis\pro\Resources\ArcToolbox\toolboxes\Data Management Tools.tbx\XYTableToPoint" Date="20210520" Time="131642">XYTableToPoint maj_ExcelToTable1 \\gmk.local\dane\OC\OC-04\ANNA\02_Mapa_2021\Proba_1\Proba_1.gdb\maj_ExcelToTable1_XYTableToPoint x y # "GEOGCS['GCS_WGS_1984',DATUM['D_WGS_1984',SPHEROID['WGS_1984',6378137.0,298.257223563]],PRIMEM['Greenwich',0.0],UNIT['Degree',0.0174532925199433]];-400 -400 1000000000;-100000 10000;-100000 10000;8.98315284119521E-09;0.001;0.001;IsHighPrecision"</Process><Process ToolSource="c:\program files\arcgis\pro\Resources\ArcToolbox\toolboxes\Data Management Tools.tbx\Merge" Date="20210520" Time="132541">Merge maj_ExcelToTable1_XYTableToPoint;geobaza.picanna.AED_zestawy_2021 \\gmk.local\dane\OC\OC-04\ANNA\02_Mapa_2021\Proba_1\Proba_1.gdb\maj_ExcelToTable1_XYTableToP1 "Miasto "Miasto" true true false 255 Text 0 0,First,#,maj_ExcelToTable1_XYTableToPoint,Miasto,0,255,geobaza.picanna.AED_zestawy_2021,user_miasto,0,255;Ulica "Ulica" true true false 255 Text 0 0,First,#,maj_ExcelToTable1_XYTableToPoint,Ulica,0,255,geobaza.picanna.AED_zestawy_2021,user_ulica,0,255;Lokalizacja "Lokalizacja" true true false 255 Text 0 0,First,#,maj_ExcelToTable1_XYTableToPoint,Lokalizacja,0,255,geobaza.picanna.AED_zestawy_2021,user_lokalizacja,0,255;Uwagi "Uwagi" true true false 255 Text 0 0,First,#,maj_ExcelToTable1_XYTableToPoint,Uwagi,0,255,geobaza.picanna.AED_zestawy_2021,user_uwagi,0,255;y "y" true true false 8 Double 0 0,First,#,maj_ExcelToTable1_XYTableToPoint,y,-1,-1,geobaza.picanna.AED_zestawy_2021,point_y,-1,-1;x "x" true true false 8 Double 0 0,First,#,maj_ExcelToTable1_XYTableToPoint,x,-1,-1,geobaza.picanna.AED_zestawy_2021,point_x,-1,-1;status "Status" true true false 1 Text 0 0,First,#,geobaza.picanna.AED_zestawy_2021,status,0,1;score "Score" true true false 8 Double 8 38,First,#,geobaza.picanna.AED_zestawy_2021,score,-1,-1;match_type "Match_type" true true false 2 Text 0 0,First,#,geobaza.picanna.AED_zestawy_2021,match_type,0,2;user_l_p_ "L_p_" true true false 4 Long 0 10,First,#,geobaza.picanna.AED_zestawy_2021,user_l_p_,-1,-1" NO_SOURCE_INFO</Process><Process ToolSource="c:\program files\arcgis\pro\Resources\ArcToolbox\toolboxes\Conversion Tools.tbx\FeatureClassToFeatureClass" Date="20210520" Time="133220">FeatureClassToFeatureClass Maj_AED_2021 \\gmk.local\dane\OC\OC-04\ANNA\02_Mapa_2021\Proba_1\srv-app-wbizk4.gmk.local.sde\geobaza.picanna.AED_zestawy_2021 AED_maj_2021 # "Miasto "Miasto" true true false 255 Text 0 0,First,#,Maj_AED_2021,Miasto,0,255;Ulica "Ulica" true true false 255 Text 0 0,First,#,Maj_AED_2021,Ulica,0,255;Lokalizacja "Lokalizacja" true true false 255 Text 0 0,First,#,Maj_AED_2021,Lokalizacja,0,255;Uwagi "Uwagi" true true false 255 Text 0 0,First,#,Maj_AED_2021,Uwagi,0,255;y "y" true true false 8 Double 0 0,First,#,Maj_AED_2021,y,-1,-1;x "x" true true false 8 Double 0 0,First,#,Maj_AED_2021,x,-1,-1;status "Status" true true false 1 Text 0 0,First,#,Maj_AED_2021,status,0,1;score "Score" true true false 8 Double 0 0,First,#,Maj_AED_2021,score,-1,-1;match_type "Match_type" true true false 2 Text 0 0,First,#,Maj_AED_2021,match_type,0,2;user_l_p_ "L_p_" true true false 4 Long 0 0,First,#,Maj_AED_2021,user_l_p_,-1,-1" #</Process><Process ToolSource="c:\program files\arcgis\pro\Resources\ArcToolbox\toolboxes\Data Management Tools.tbx\AddXY" Date="20210628" Time="075238">AddXY geobaza.picanna.AED_maj_2021</Process><Process ToolSource="c:\program files\arcgis\pro\Resources\ArcToolbox\toolboxes\Data Management Tools.tbx\DeleteField" Date="20210628" Time="075324">DeleteField geobaza.picanna.AED_maj_2021 point_x</Process><Process ToolSource="c:\program files\arcgis\pro\Resources\ArcToolbox\toolboxes\Data Management Tools.tbx\DeleteField" Date="20210628" Time="075333">DeleteField geobaza.picanna.AED_maj_2021 point_y</Process><Process ToolSource="c:\program files\arcgis\pro\Resources\ArcToolbox\toolboxes\Data Management Tools.tbx\AddXY" Date="20210628" Time="075344">AddXY geobaza.picanna.AED_maj_2021</Process><Process ToolSource="c:\program files\arcgis\pro\Resources\ArcToolbox\toolboxes\Data Management Tools.tbx\AddXY" Date="20210628" Time="075457">AddXY geobaza.picanna.AED_maj_2021</Process><Process ToolSource="c:\program files\arcgis\pro\Resources\ArcToolbox\toolboxes\Data Management Tools.tbx\DeleteField" Date="20210628" Time="075514">DeleteField geobaza.picanna.AED_maj_2021 y</Process><Process ToolSource="c:\program files\arcgis\pro\Resources\ArcToolbox\toolboxes\Data Management Tools.tbx\DeleteField" Date="20210628" Time="075523">DeleteField geobaza.picanna.AED_maj_2021 x</Process><Process ToolSource="c:\program files\arcgis\pro\Resources\ArcToolbox\toolboxes\Data Management Tools.tbx\UpdateSchema" Date="20210628" Time="075542">UpdateSchema "CIMDATA=&lt;CIMFeatureDatasetDataConnection xsi:type='typens:CIMFeatureDatasetDataConnection' xmlns:xsi='http://www.w3.org/2001/XMLSchema-instance' xmlns:xs='http://www.w3.org/2001/XMLSchema' xmlns:typens='http://www.esri.com/schemas/ArcGIS/2.7.0'&gt;&lt;FeatureDataset&gt;geobaza.picanna.AED_zestawy_2021&lt;/FeatureDataset&gt;&lt;WorkspaceConnectionString&gt;SERVER=srv-app-wbizk4.gmk.local;INSTANCE=sde:postgresql:srv-app-wbizk4.gmk.local;DBCLIENT=postgresql;DB_CONNECTION_PROPERTIES=srv-app-wbizk4.gmk.local;DATABASE=geobaza;VERSION=sde.DEFAULT;AUTHENTICATION_MODE=DBMS&lt;/WorkspaceConnectionString&gt;&lt;WorkspaceFactory&gt;SDE&lt;/WorkspaceFactory&gt;&lt;Dataset&gt;geobaza.picanna.AED_maj_2021&lt;/Dataset&gt;&lt;DatasetType&gt;esriDTFeatureClass&lt;/DatasetType&gt;&lt;/CIMFeatureDatasetDataConnection&gt;" &lt;operationSequence&gt;&lt;workflow&gt;&lt;AlterField&gt;&lt;field_name&gt;point_x&lt;/field_name&gt;&lt;new_field_name&gt;x&lt;/new_field_name&gt;&lt;field_is_nullable&gt;True&lt;/field_is_nullable&gt;&lt;clear_field_alias&gt;False&lt;/clear_field_alias&gt;&lt;/AlterField&gt;&lt;/workflow&gt;&lt;workflow&gt;&lt;AlterField&gt;&lt;field_name&gt;point_y&lt;/field_name&gt;&lt;new_field_name&gt;y&lt;/new_field_name&gt;&lt;field_is_nullable&gt;True&lt;/field_is_nullable&gt;&lt;clear_field_alias&gt;False&lt;/clear_field_alias&gt;&lt;/AlterField&gt;&lt;/workflow&gt;&lt;/operationSequence&gt;</Process><Process ToolSource="c:\program files\arcgis\pro\Resources\ArcToolbox\toolboxes\Data Management Tools.tbx\DeleteField" Date="20210628" Time="075622">DeleteField geobaza.picanna.AED_maj_2021 status</Process><Process ToolSource="c:\program files\arcgis\pro\Resources\ArcToolbox\toolboxes\Data Management Tools.tbx\DeleteField" Date="20210628" Time="075630">DeleteField geobaza.picanna.AED_maj_2021 score</Process><Process ToolSource="c:\program files\arcgis\pro\Resources\ArcToolbox\toolboxes\Data Management Tools.tbx\DeleteField" Date="20210628" Time="075639">DeleteField geobaza.picanna.AED_maj_2021 match_type</Process><Process ToolSource="c:\program files\arcgis\pro\Resources\ArcToolbox\toolboxes\Data Management Tools.tbx\DeleteField" Date="20210628" Time="075653">DeleteField geobaza.picanna.AED_maj_2021 user_l_p_</Process><Process ToolSource="c:\program files\arcgis\pro\Resources\ArcToolbox\toolboxes\Conversion Tools.tbx\FeatureClassToFeatureClass" Date="20210628" Time="075731">FeatureClassToFeatureClass geobaza.picanna.AED_maj_2021 C:\Users\pica\Documents\ArcGIS\Projects\MyProject1\srv-app-wbizk4.gmk.local.sde\geobaza.picanna.AED_zestawy_2021 AED_czerwiec_2021 # "miasto "Miasto" true true false 255 Text 0 0,First,#,geobaza.picanna.AED_maj_2021,miasto,0,255;ulica "Ulica" true true false 255 Text 0 0,First,#,geobaza.picanna.AED_maj_2021,ulica,0,255;lokalizacja "Lokalizacja" true true false 255 Text 0 0,First,#,geobaza.picanna.AED_maj_2021,lokalizacja,0,255;uwagi "Uwagi" true true false 255 Text 0 0,First,#,geobaza.picanna.AED_maj_2021,uwagi,0,255;x "x" true true false 8 Double 8 38,First,#,geobaza.picanna.AED_maj_2021,x,-1,-1;y "y" true true false 8 Double 8 38,First,#,geobaza.picanna.AED_maj_2021,y,-1,-1" #</Process><Process ToolSource="c:\program files\arcgis\pro\Resources\ArcToolbox\toolboxes\Conversion Tools.tbx\FeatureClassToFeatureClass" Date="20210823" Time="120731">FeatureClassToFeatureClass geobaza.picanna.AED_czerwiec_2021 C:\Users\pica\Documents\ArcGIS\Projects\MyProject2\MyProject2.gdb AED_sierpien_2021 # "miasto "Miasto" true true false 255 Text 0 0,First,#,geobaza.picanna.AED_czerwiec_2021,miasto,0,255;ulica "Ulica" true true false 255 Text 0 0,First,#,geobaza.picanna.AED_czerwiec_2021,ulica,0,255;lokalizacja "Lokalizacja" true true false 255 Text 0 0,First,#,geobaza.picanna.AED_czerwiec_2021,lokalizacja,0,255;uwagi "Uwagi" true true false 255 Text 0 0,First,#,geobaza.picanna.AED_czerwiec_2021,uwagi,0,255;x "x" true true false 8 Double 8 38,First,#,geobaza.picanna.AED_czerwiec_2021,x,-1,-1;y "y" true true false 8 Double 8 38,First,#,geobaza.picanna.AED_czerwiec_2021,y,-1,-1" #</Process><Process ToolSource="c:\program files\arcgis\pro\Resources\ArcToolbox\toolboxes\Data Management Tools.tbx\AddXY" Date="20210823" Time="121324">AddXY AED_sierpien_2021</Process><Process ToolSource="c:\program files\arcgis\pro\Resources\ArcToolbox\toolboxes\Data Management Tools.tbx\DeleteField" Date="20210823" Time="121628">DeleteField AED_sierpien_2021 x</Process><Process ToolSource="c:\program files\arcgis\pro\Resources\ArcToolbox\toolboxes\Data Management Tools.tbx\DeleteField" Date="20210823" Time="121632">DeleteField AED_sierpien_2021 y</Process><Process ToolSource="c:\program files\arcgis\pro\Resources\ArcToolbox\toolboxes\Data Management Tools.tbx\AddXY" Date="20210823" Time="121653">AddXY AED_sierpien_2021</Process><Process ToolSource="c:\program files\arcgis\pro\Resources\ArcToolbox\toolboxes\Data Management Tools.tbx\AddXY" Date="20210823" Time="121737">AddXY AED_sierpien_2021</Process><Process ToolSource="c:\program files\arcgis\pro\Resources\ArcToolbox\toolboxes\Data Management Tools.tbx\AddXY" Date="20210823" Time="122114">AddXY AED_sierpien_2021</Process><Process ToolSource="c:\program files\arcgis\pro\Resources\ArcToolbox\toolboxes\Conversion Tools.tbx\FeatureClassToFeatureClass" Date="20210823" Time="122336">FeatureClassToFeatureClass AED_sierpien_2021 C:\Users\pica\Documents\ArcGIS\Projects\MyProject2\srv-app-wbizk4.gmk.local(1).sde\geobaza.picanna.AED_zestawy_2021 AED_zestawy_sierpien_2021 # "miasto "Miasto" true true false 255 Text 0 0,First,#,AED_sierpien_2021,miasto,0,255;ulica "Ulica" true true false 255 Text 0 0,First,#,AED_sierpien_2021,ulica,0,255;lokalizacja "Lokalizacja" true true false 255 Text 0 0,First,#,AED_sierpien_2021,lokalizacja,0,255;uwagi "Uwagi" true true false 255 Text 0 0,First,#,AED_sierpien_2021,uwagi,0,255;POINT_X "POINT_X" true true false 8 Double 0 0,First,#,AED_sierpien_2021,POINT_X,-1,-1;POINT_Y "POINT_Y" true true false 8 Double 0 0,First,#,AED_sierpien_2021,POINT_Y,-1,-1" #</Process><Process ToolSource="c:\program files\arcgis\pro\Resources\ArcToolbox\toolboxes\Conversion Tools.tbx\FeatureClassToFeatureClass" Date="20210920" Time="075702">FeatureClassToFeatureClass geobaza.picanna.AED_zestawy_sierpien_2021 C:\Users\pica\Documents\ArcGIS\Projects\aed\aed.gdb AED_zestawy_wrzesien_2021 # "miasto "Miasto" true true false 255 Text 0 0,First,#,geobaza.picanna.AED_zestawy_sierpien_2021,miasto,0,255;ulica "Ulica" true true false 255 Text 0 0,First,#,geobaza.picanna.AED_zestawy_sierpien_2021,ulica,0,255;lokalizacja "Lokalizacja" true true false 255 Text 0 0,First,#,geobaza.picanna.AED_zestawy_sierpien_2021,lokalizacja,0,255;uwagi "Uwagi" true true false 255 Text 0 0,First,#,geobaza.picanna.AED_zestawy_sierpien_2021,uwagi,0,255;point_x "POINT_X" true true false 8 Double 8 38,First,#,geobaza.picanna.AED_zestawy_sierpien_2021,point_x,-1,-1;point_y "POINT_Y" true true false 8 Double 8 38,First,#,geobaza.picanna.AED_zestawy_sierpien_2021,point_y,-1,-1" #</Process><Process ToolSource="c:\program files\arcgis\pro\Resources\ArcToolbox\toolboxes\Data Management Tools.tbx\AddXY" Date="20210920" Time="081933">AddXY AED_zestawy_wrzesien_2021</Process><Process ToolSource="c:\program files\arcgis\pro\Resources\ArcToolbox\toolboxes\Data Management Tools.tbx\AddXY" Date="20210920" Time="082006">AddXY AED_zestawy_wrzesien_2021</Process><Process ToolSource="c:\program files\arcgis\pro\Resources\ArcToolbox\toolboxes\Data Management Tools.tbx\AddXY" Date="20210920" Time="082100">AddXY AED_zestawy_wrzesien_2021</Process><Process ToolSource="c:\program files\arcgis\pro\Resources\ArcToolbox\toolboxes\Data Management Tools.tbx\AddXY" Date="20210920" Time="082138">AddXY AED_zestawy_wrzesien_2021</Process><Process ToolSource="c:\program files\arcgis\pro\Resources\ArcToolbox\toolboxes\Conversion Tools.tbx\FeatureClassToFeatureClass" Date="20210920" Time="092233">FeatureClassToFeatureClass AED_zestawy_wrzesien_2021 C:\Temp AED_zestawy_wrzesien_2021.shp # "miasto "Miasto" true true false 255 Text 0 0,First,#,AED_zestawy_wrzesien_2021,miasto,0,255;ulica "Ulica" true true false 255 Text 0 0,First,#,AED_zestawy_wrzesien_2021,ulica,0,255;lokalizacja "Lokalizacja" true true false 255 Text 0 0,First,#,AED_zestawy_wrzesien_2021,lokalizacja,0,255;uwagi "Uwagi" true true false 255 Text 0 0,First,#,AED_zestawy_wrzesien_2021,uwagi,0,255;point_x "POINT_X" true true false 8 Double 0 0,First,#,AED_zestawy_wrzesien_2021,point_x,-1,-1;point_y "POINT_Y" true true false 8 Double 0 0,First,#,AED_zestawy_wrzesien_2021,point_y,-1,-1" #</Process><Process ToolSource="c:\program files\arcgis\pro\Resources\ArcToolbox\toolboxes\Data Management Tools.tbx\AddXY" Date="20211014" Time="092450">AddXY AED_zestawy_wrzesien_2021</Process><Process ToolSource="c:\program files\arcgis\pro\Resources\ArcToolbox\toolboxes\Data Management Tools.tbx\AddXY" Date="20211014" Time="092526">AddXY AED_zestawy_wrzesien_2021</Process><Process ToolSource="c:\program files\arcgis\pro\Resources\ArcToolbox\toolboxes\Conversion Tools.tbx\FeatureClassToFeatureClass" Date="20211014" Time="092659">FeatureClassToFeatureClass AED_zestawy_wrzesien_2021 C:\Users\pica\Documents\ArcGIS\Projects\aed\srv-app-wbizk4.gmk.local.sde\geobaza.picanna.AED_zestawy_2021 AED_zestawy_pazdziernik_2021 # "miasto "miasto" true true false 254 Text 0 0,First,#,AED_zestawy_wrzesien_2021,miasto,0,254;ulica "ulica" true true false 254 Text 0 0,First,#,AED_zestawy_wrzesien_2021,ulica,0,254;lokalizacj "lokalizacj" true true false 254 Text 0 0,First,#,AED_zestawy_wrzesien_2021,lokalizacj,0,254;uwagi "uwagi" true true false 254 Text 0 0,First,#,AED_zestawy_wrzesien_2021,uwagi,0,254;point_x "point_x" true true false 19 Double 0 0,First,#,AED_zestawy_wrzesien_2021,point_x,-1,-1;point_y "point_y" true true false 19 Double 0 0,First,#,AED_zestawy_wrzesien_2021,point_y,-1,-1" #</Process><Process ToolSource="c:\program files\arcgis\pro\Resources\ArcToolbox\toolboxes\Data Management Tools.tbx\AddXY" Date="20211214" Time="125051">AddXY geobaza.picanna.AED_zestawy_pazdziernik_2021</Process><Process ToolSource="c:\program files\arcgis\pro\Resources\ArcToolbox\toolboxes\Data Management Tools.tbx\AddXY" Date="20211214" Time="125106">AddXY geobaza.picanna.AED_zestawy_pazdziernik_2021</Process><Process ToolSource="c:\program files\arcgis\pro\Resources\ArcToolbox\toolboxes\Data Management Tools.tbx\AddXY" Date="20211214" Time="125142">AddXY geobaza.picanna.AED_zestawy_pazdziernik_2021</Process><Process ToolSource="c:\program files\arcgis\pro\Resources\ArcToolbox\toolboxes\Conversion Tools.tbx\FeatureClassToFeatureClass" Date="20211214" Time="125238">FeatureClassToFeatureClass geobaza.picanna.AED_zestawy_pazdziernik_2021 C:\Users\pica\Documents\ArcGIS\Projects\Mój_projekt\srv-app-wbizk4.gmk.local.sde\geobaza.picanna.AED_zestawy_2021 AED_zestawy_grudzien_2021 # "miasto "miasto" true true false 254 Text 0 0,First,#,geobaza.picanna.AED_zestawy_pazdziernik_2021,miasto,0,254;ulica "ulica" true true false 254 Text 0 0,First,#,geobaza.picanna.AED_zestawy_pazdziernik_2021,ulica,0,254;lokalizacj "lokalizacj" true true false 254 Text 0 0,First,#,geobaza.picanna.AED_zestawy_pazdziernik_2021,lokalizacj,0,254;uwagi "uwagi" true true false 254 Text 0 0,First,#,geobaza.picanna.AED_zestawy_pazdziernik_2021,uwagi,0,254;point_x "point_x" true true false 8 Double 8 38,First,#,geobaza.picanna.AED_zestawy_pazdziernik_2021,point_x,-1,-1;point_y "point_y" true true false 8 Double 8 38,First,#,geobaza.picanna.AED_zestawy_pazdziernik_2021,point_y,-1,-1" #</Process><Process ToolSource="c:\program files\arcgis\pro\Resources\ArcToolbox\toolboxes\Conversion Tools.tbx\FeatureClassToFeatureClass" Date="20220110" Time="075703">FeatureClassToFeatureClass geobaza.picanna.AED_zestawy_grudzien_2021 C:\Users\pica\Documents\ArcGIS\Projects AED_2021.shp # "miasto "miasto" true true false 254 Text 0 0,First,#,geobaza.picanna.AED_zestawy_grudzien_2021,miasto,0,254;ulica "ulica" true true false 254 Text 0 0,First,#,geobaza.picanna.AED_zestawy_grudzien_2021,ulica,0,254;lokalizacj "lokalizacj" true true false 254 Text 0 0,First,#,geobaza.picanna.AED_zestawy_grudzien_2021,lokalizacj,0,254;uwagi "uwagi" true true false 254 Text 0 0,First,#,geobaza.picanna.AED_zestawy_grudzien_2021,uwagi,0,254;point_x "point_x" true true false 8 Double 8 38,First,#,geobaza.picanna.AED_zestawy_grudzien_2021,point_x,-1,-1;point_y "point_y" true true false 8 Double 8 38,First,#,geobaza.picanna.AED_zestawy_grudzien_2021,point_y,-1,-1" #</Process><Process ToolSource="c:\program files\arcgis\pro\Resources\ArcToolbox\toolboxes\Data Management Tools.tbx\AddXY" Date="20220117" Time="083518">AddXY AED_2021</Process><Process ToolSource="c:\program files\arcgis\pro\Resources\ArcToolbox\toolboxes\Data Management Tools.tbx\AddXY" Date="20220117" Time="083555">AddXY AED_2021</Process><Process ToolSource="c:\program files\arcgis\pro\Resources\ArcToolbox\toolboxes\Conversion Tools.tbx\FeatureClassToFeatureClass" Date="20220117" Time="084524">FeatureClassToFeatureClass AED_2021 C:\Users\pica\Documents\ArcGIS\Projects\Mój_projekt\srv-app-wbizk4.gmk.local(1).sde\geobaza.picanna.AED_zestawy AED_styczen_2022 # "miasto "miasto" true true false 254 Text 0 0,First,#,AED_2021,miasto,0,254;ulica "ulica" true true false 254 Text 0 0,First,#,AED_2021,ulica,0,254;lokalizacj "lokalizacj" true true false 254 Text 0 0,First,#,AED_2021,lokalizacj,0,254;uwagi "uwagi" true true false 254 Text 0 0,First,#,AED_2021,uwagi,0,254;point_x "point_x" true true false 19 Double 8 18,First,#,AED_2021,point_x,-1,-1;point_y "point_y" true true false 19 Double 8 18,First,#,AED_2021,point_y,-1,-1" #</Process><Process ToolSource="c:\program files\arcgis\pro\Resources\ArcToolbox\toolboxes\Conversion Tools.tbx\FeatureClassToFeatureClass" Date="20220117" Time="124800">FeatureClassToFeatureClass C:\Users\wasniowskip\Documents\ArcGIS\Projects\MyProject7\srv-app-wbizk4(2).sde\geobaza.picanna.AED_zestawy\geobaza.picanna.AED_styczen_2022 C:\Users\wasniowskip\Documents\ArcGIS\Projects\MyProject7 AED2022.shp # "miasto "miasto" true true false 254 Text 0 0,First,#,C:\Users\wasniowskip\Documents\ArcGIS\Projects\MyProject7\srv-app-wbizk4(2).sde\geobaza.picanna.AED_zestawy\geobaza.picanna.AED_styczen_2022,miasto,0,254;ulica "ulica" true true false 254 Text 0 0,First,#,C:\Users\wasniowskip\Documents\ArcGIS\Projects\MyProject7\srv-app-wbizk4(2).sde\geobaza.picanna.AED_zestawy\geobaza.picanna.AED_styczen_2022,ulica,0,254;lokalizacj "lokalizacj" true true false 254 Text 0 0,First,#,C:\Users\wasniowskip\Documents\ArcGIS\Projects\MyProject7\srv-app-wbizk4(2).sde\geobaza.picanna.AED_zestawy\geobaza.picanna.AED_styczen_2022,lokalizacj,0,254;uwagi "uwagi" true true false 254 Text 0 0,First,#,C:\Users\wasniowskip\Documents\ArcGIS\Projects\MyProject7\srv-app-wbizk4(2).sde\geobaza.picanna.AED_zestawy\geobaza.picanna.AED_styczen_2022,uwagi,0,254;point_x "point_x" true true false 8 Double 8 18,First,#,C:\Users\wasniowskip\Documents\ArcGIS\Projects\MyProject7\srv-app-wbizk4(2).sde\geobaza.picanna.AED_zestawy\geobaza.picanna.AED_styczen_2022,point_x,-1,-1;point_y "point_y" true true false 8 Double 8 18,First,#,C:\Users\wasniowskip\Documents\ArcGIS\Projects\MyProject7\srv-app-wbizk4(2).sde\geobaza.picanna.AED_zestawy\geobaza.picanna.AED_styczen_2022,point_y,-1,-1" #</Process></lineage><itemProps><itemName Sync="TRUE">AED2022</itemName><imsContentType Sync="TRUE">002</imsContentType><itemLocation><linkage Sync="TRUE">file://\\KMP-007237\C$\Users\wasniowskip\Documents\ArcGIS\Projects\MyProject7\AED2022.shp</linkage><protocol Sync="TRUE">Local Area Network</protocol></itemLocation><itemSize Sync="TRUE">0.000</itemSize></itemProps><coordRef><type Sync="TRUE">Projected</type><geogcsn Sync="TRUE">GCS_WGS_1984</geogcsn><csUnits Sync="TRUE">Linear Unit: Meter (1.000000)</csUnits><peXml Sync="TRUE">&lt;ProjectedCoordinateSystem xsi:type='typens:ProjectedCoordinateSystem' xmlns:xsi='http://www.w3.org/2001/XMLSchema-instance' xmlns:xs='http://www.w3.org/2001/XMLSchema' xmlns:typens='http://www.esri.com/schemas/ArcGIS/2.9.0'&gt;&lt;WKT&gt;PROJCS[&amp;quot;WGS_1984_Web_Mercator_Auxiliary_Sphere&amp;quot;,GEOGCS[&amp;quot;GCS_WGS_1984&amp;quot;,DATUM[&amp;quot;D_WGS_1984&amp;quot;,SPHEROID[&amp;quot;WGS_1984&amp;quot;,6378137.0,298.257223563]],PRIMEM[&amp;quot;Greenwich&amp;quot;,0.0],UNIT[&amp;quot;Degree&amp;quot;,0.0174532925199433]],PROJECTION[&amp;quot;Mercator_Auxiliary_Sphere&amp;quot;],PARAMETER[&amp;quot;False_Easting&amp;quot;,0.0],PARAMETER[&amp;quot;False_Northing&amp;quot;,0.0],PARAMETER[&amp;quot;Central_Meridian&amp;quot;,0.0],PARAMETER[&amp;quot;Standard_Parallel_1&amp;quot;,0.0],PARAMETER[&amp;quot;Auxiliary_Sphere_Type&amp;quot;,0.0],UNIT[&amp;quot;Meter&amp;quot;,1.0],AUTHORITY[&amp;quot;EPSG&amp;quot;,3857]]&lt;/WKT&gt;&lt;XOrigin&gt;-20037700&lt;/XOrigin&gt;&lt;YOrigin&gt;-30241100&lt;/YOrigin&gt;&lt;XYScale&gt;148923141.92838538&lt;/XYScale&gt;&lt;ZOrigin&gt;-100000&lt;/ZOrigin&gt;&lt;ZScale&gt;10000&lt;/ZScale&gt;&lt;MOrigin&gt;-100000&lt;/MOrigin&gt;&lt;MScale&gt;10000&lt;/MScale&gt;&lt;XYTolerance&gt;0.001&lt;/XYTolerance&gt;&lt;ZTolerance&gt;0.001&lt;/ZTolerance&gt;&lt;MTolerance&gt;0.001&lt;/MTolerance&gt;&lt;HighPrecision&gt;true&lt;/HighPrecision&gt;&lt;WKID&gt;102100&lt;/WKID&gt;&lt;LatestWKID&gt;3857&lt;/LatestWKID&gt;&lt;/ProjectedCoordinateSystem&gt;</peXml><projcsn Sync="TRUE">WGS_1984_Web_Mercator_Auxiliary_Sphere</projcsn></coordRef><LayerFile>{"type":"CIMLayerDocument","version":"2.7.0","build":26828,"layers":["CIMPATH=Map1/bb75caaa0031431fb80c7832b8e4c5ac.xml"],"layerDefinitions":[{"type":"CIMFeatureLayer","name":"geobaza.picanna.AED_styczen_2022","uRI":"CIMPATH=Map1/bb75caaa0031431fb80c7832b8e4c5ac.xml","sourceModifiedTime":{"type":"TimeInstant"},"useSourceMetadata":true,"description":"geobaza.picanna.AED_maj_2021","layerElevation":{"type":"CIMLayerElevationSurface","mapElevationID":"{C26023F9-693B-4BA9-8DF9-4B79384D2F13}"},"expanded":true,"layerType":"Operational","showLegends":true,"visibility":true,"displayCacheType":"Permanent","maxDisplayCacheAge":5,"showPopups":true,"serviceLayerID":-1,"refreshRate":-1,"refreshRateUnit":"esriTimeUnitsSeconds","blendingMode":"Alpha","autoGenerateFeatureTemplates":true,"featureTable":{"type":"CIMFeatureTable","displayField":"miasto","editable":true,"dataConnection":{"type":"CIMFeatureDatasetDataConnection","featureDataset":"geobaza.picanna.AED_zestawy","workspaceConnectionString":"ENCRYPTED_PASSWORD=00022e68547143504e6d68775061584f705149716132774d335862634266376c53444863365930374b305038414b453d2a00;SERVER=srv-app-wbizk4.gmk.local;INSTANCE=sde:postgresql:srv-app-wbizk4.gmk.local;DBCLIENT=postgresql;DB_CONNECTION_PROPERTIES=srv-app-wbizk4.gmk.local;DATABASE=geobaza;USER=picanna;VERSION=sde.DEFAULT;AUTHENTICATION_MODE=DBMS","workspaceFactory":"SDE","dataset":"geobaza.picanna.AED_styczen_2022","datasetType":"esriDTFeatureClass"},"studyAreaSpatialRel":"esriSpatialRelUndefined","searchOrder":"esriSearchOrderSpatial"},"htmlPopupEnabled":true,"selectable":true,"featureCacheType":"Session","displayFiltersType":"ByScale","featureBlendingMode":"Alpha","labelClasses":[{"type":"CIMLabelClass","expression":"$feature.OBJECTID","expressionEngine":"Arcade","featuresToLabel":"AllVisibleFeatures","maplexLabelPlacementProperties":{"type":"CIMMaplexLabelPlacementProperties","featureType":"Point","avoidPolygonHoles":true,"canOverrunFeature":true,"canPlaceLabelOutsidePolygon":true,"canRemoveOverlappingLabel":true,"canStackLabel":true,"connectionType":"Unambiguous","constrainOffset":"NoConstraint","contourAlignmentType":"Page","contourLadderType":"Straight","contourMaximumAngle":90,"enableConnection":true,"enablePointPlacementPriorities":true,"featureWeight":0,"fontHeightReductionLimit":4,"fontHeightReductionStep":0.5,"fontWidthReductionLimit":90,"fontWidthReductionStep":5,"graticuleAlignmentType":"Straight","keyNumberGroupName":"Default","labelBuffer":15,"labelLargestPolygon":true,"labelPriority":-1,"labelStackingProperties":{"type":"CIMMaplexLabelStackingProperties","stackAlignment":"ChooseBest","maximumNumberOfLines":3,"minimumNumberOfCharsPerLine":3,"maximumNumberOfCharsPerLine":24,"separators":[{"type":"CIMMaplexStackingSeparator","separator":" ","splitAfter":true},{"type":"CIMMaplexStackingSeparator","separator":",","visible":true,"splitAfter":true}]},"lineFeatureType":"General","linePlacementMethod":"OffsetCurvedFromLine","maximumLabelOverrun":36,"maximumLabelOverrunUnit":"Point","minimumFeatureSizeUnit":"Map","multiPartOption":"OneLabelPerPart","offsetAlongLineProperties":{"type":"CIMMaplexOffsetAlongLineProperties","placementMethod":"BestPositionAlongLine","labelAnchorPoint":"CenterOfLabel","distanceUnit":"Percentage","useLineDirection":true},"pointExternalZonePriorities":{"type":"CIMMaplexExternalZonePriorities","aboveLeft":4,"aboveCenter":2,"aboveRight":1,"centerRight":3,"belowRight":5,"belowCenter":7,"belowLeft":8,"centerLeft":6},"pointPlacementMethod":"AroundPoint","polygonAnchorPointType":"GeometricCenter","polygonBoundaryWeight":0,"polygonExternalZones":{"type":"CIMMaplexExternalZonePriorities","aboveLeft":4,"aboveCenter":2,"aboveRight":1,"centerRight":3,"belowRight":5,"belowCenter":7,"belowLeft":8,"centerLeft":6},"polygonFeatureType":"General","polygonInternalZones":{"type":"CIMMaplexInternalZonePriorities","center":1},"polygonPlacementMethod":"CurvedInPolygon","primaryOffset":1,"primaryOffsetUnit":"Point","removeExtraWhiteSpace":true,"repetitionIntervalUnit":"Point","rotationProperties":{"type":"CIMMaplexRotationProperties","rotationType":"Arithmetic","alignmentType":"Straight"},"secondaryOffset":100,"strategyPriorities":{"type":"CIMMaplexStrategyPriorities","stacking":1,"overrun":2,"fontCompression":3,"fontReduction":4,"abbreviation":5},"thinningDistanceUnit":"Point","truncationMarkerCharacter":".","truncationMinimumLength":1,"truncationPreferredCharacters":"aeiou","truncationExcludedCharacters":"0123456789","polygonAnchorPointPerimeterInsetUnit":"Point"},"name":"Class 1","priority":-1,"standardLabelPlacementProperties":{"type":"CIMStandardLabelPlacementProperties","featureType":"Line","featureWeight":"Low","labelWeight":"High","numLabelsOption":"OneLabelPerName","lineLabelPosition":{"type":"CIMStandardLineLabelPosition","above":true,"inLine":true,"parallel":true},"lineLabelPriorities":{"type":"CIMStandardLineLabelPriorities","aboveStart":3,"aboveAlong":3,"aboveEnd":3,"centerStart":3,"centerAlong":3,"centerEnd":3,"belowStart":3,"belowAlong":3,"belowEnd":3},"pointPlacementMethod":"AroundPoint","pointPlacementPriorities":{"type":"CIMStandardPointPlacementPriorities","aboveLeft":2,"aboveCenter":2,"aboveRight":1,"centerLeft":3,"centerRight":2,"belowLeft":3,"belowCenter":3,"belowRight":2},"rotationType":"Arithmetic","polygonPlacementMethod":"AlwaysHorizontal"},"textSymbol":{"type":"CIMSymbolReference","symbol":{"type":"CIMTextSymbol","blockProgression":"TTB","depth3D":1,"extrapolateBaselines":true,"fontEffects":"Normal","fontEncoding":"Unicode","fontFamilyName":"Tahoma","fontStyleName":"Regular","fontType":"Unspecified","haloSize":1,"height":10,"hinting":"Default","horizontalAlignment":"Left","kerning":true,"letterWidth":100,"ligatures":true,"lineGapType":"ExtraLeading","symbol":{"type":"CIMPolygonSymbol","symbolLayers":[{"type":"CIMSolidFill","enable":true,"color":{"type":"CIMRGBColor","values":[0,0,0,100]}}]},"textCase":"Normal","textDirection":"LTR","verticalAlignment":"Bottom","verticalGlyphOrientation":"Right","wordSpacing":100,"billboardMode3D":"FaceNearPlane"}},"useCodedValue":true,"visibility":true,"iD":-1}],"renderer":{"type":"CIMSimpleRenderer","patch":"Default","symbol":{"type":"CIMSymbolReference","symbol":{"type":"CIMPointSymbol","symbolLayers":[{"type":"CIMVectorMarker","enable":true,"anchorPointUnits":"Relative","dominantSizeAxis3D":"Z","size":4,"billboardMode3D":"FaceNearPlane","frame":{"xmin":-2,"ymin":-2,"xmax":2,"ymax":2},"markerGraphics":[{"type":"CIMMarkerGraphic","geometry":{"curveRings":[[[1.2246467991473532e-16,2],{"a":[[1.2246467991473532e-16,2],[0,0],0,1]}]]},"symbol":{"type":"CIMPolygonSymbol","symbolLayers":[{"type":"CIMSolidStroke","enable":true,"capStyle":"Round","joinStyle":"Round","lineStyle3D":"Strip","miterLimit":10,"width":0.69999999999999996,"color":{"type":"CIMRGBColor","values":[0,0,0,100]}},{"type":"CIMSolidFill","enable":true,"color":{"type":"CIMRGBColor","values":[255,85,0,100]}}]}}],"respectFrame":true}],"haloSize":1,"scaleX":1,"angleAlignment":"Display"}}},"scaleSymbols":true,"snappable":true}]}</LayerFile></DataProperties><SyncDate>20220117</SyncDate><SyncTime>12480000</SyncTime><ModDate>20220117</ModDate><ModTime>12480000</ModTime></Esri><dataIdInfo><envirDesc Sync="TRUE">Microsoft Windows 10 Version 10.0 (Build 19044) ; Esri ArcGIS 12.9.0.32739</envirDesc><dataLang><languageCode value="pol" Sync="TRUE"></languageCode><countryCode value="POL" Sync="TRUE"></countryCode></dataLang><idCitation><resTitle Sync="TRUE">AED2022</resTitle><presForm><PresFormCd value="005" Sync="TRUE"></PresFormCd></presForm></idCitation><spatRpType><SpatRepTypCd value="001" Sync="TRUE"></SpatRepTypCd></spatRpType></dataIdInfo><mdLang><languageCode value="pol" Sync="TRUE"></languageCode><countryCode value="POL" Sync="TRUE"></countryCode></mdLang><distInfo><distFormat><formatName Sync="TRUE">Shapefile</formatName></distFormat><distTranOps><transSize Sync="TRUE">0.000</transSize></distTranOps></distInfo><mdHrLv><ScopeCd value="005" Sync="TRUE"></ScopeCd></mdHrLv><mdHrLvName Sync="TRUE">dataset</mdHrLvName><refSysInfo><RefSystem><refSysID><identCode code="3857" Sync="TRUE"></identCode><idCodeSpace Sync="TRUE">EPSG</idCodeSpace><idVersion Sync="TRUE">6.18.3(9.3.1.2)</idVersion></refSysID></RefSystem></refSysInfo><spatRepInfo><VectSpatRep><geometObjs Name="AED2022"><geoObjTyp><GeoObjTypCd value="004" Sync="TRUE"></GeoObjTypCd></geoObjTyp><geoObjCnt Sync="TRUE">0</geoObjCnt></geometObjs><topLvl><TopoLevCd value="001" Sync="TRUE"></TopoLevCd></topLvl></VectSpatRep></spatRepInfo><spdoinfo><ptvctinf><esriterm Name="AED2022"><efeatyp Sync="TRUE">Simple</efeatyp><efeageom code="1" Sync="TRUE"></efeageom><esritopo Sync="TRUE">FALSE</esritopo><efeacnt Sync="TRUE">0</efeacnt><spindex Sync="TRUE">FALSE</spindex><linrefer Sync="TRUE">FALSE</linrefer></esriterm></ptvctinf></spdoinfo><eainfo><detailed Name="AED2022"><enttyp><enttypl Sync="TRUE">AED2022</enttypl><enttypt Sync="TRUE">Feature Class</enttypt><enttypc Sync="TRUE">0</enttypc></enttyp><attr><attrlabl Sync="TRUE">FID</attrlabl><attalias Sync="TRUE">FID</attalias><attrtype Sync="TRUE">OID</attrtype><attwidth Sync="TRUE">4</attwidth><atprecis Sync="TRUE">0</atprecis><attscale Sync="TRUE">0</attscale><attrdef Sync="TRUE">Internal feature number.</attrdef><attrdefs Sync="TRUE">Esri</attrdefs><attrdomv><udom Sync="TRUE">Sequential unique whole numbers that are automatically generated.</udom></attrdomv></attr><attr><attrlabl Sync="TRUE">Shape</attrlabl><attalias Sync="TRUE">Shape</attalias><attrtype Sync="TRUE">Geometry</attrtype><attwidth Sync="TRUE">0</attwidth><atprecis Sync="TRUE">0</atprecis><attscale Sync="TRUE">0</attscale><attrdef Sync="TRUE">Feature geometry.</attrdef><attrdefs Sync="TRUE">Esri</attrdefs><attrdomv><udom Sync="TRUE">Coordinates defining the features.</udom></attrdomv></attr><attr><attrlabl Sync="TRUE">Miasto</attrlabl><attalias Sync="TRUE">miasto</attalias><attrtype Sync="TRUE">String</attrtype><attwidth Sync="TRUE">254</attwidth><atprecis Sync="TRUE">0</atprecis><attscale Sync="TRUE">0</attscale></attr><attr><attrlabl Sync="TRUE">Ulica</attrlabl><attalias Sync="TRUE">ulica</attalias><attrtype Sync="TRUE">String</attrtype><attwidth Sync="TRUE">254</attwidth><atprecis Sync="TRUE">0</atprecis><attscale Sync="TRUE">0</attscale></attr><attr><attrlabl Sync="TRUE">lokalizacj</attrlabl><attalias Sync="TRUE">lokalizacj</attalias><attrtype Sync="TRUE">String</attrtype><attwidth Sync="TRUE">254</attwidth><atprecis Sync="TRUE">0</atprecis><attscale Sync="TRUE">0</attscale></attr><attr><attrlabl Sync="TRUE">point_x</attrlabl><attalias Sync="TRUE">point_x</attalias><attrtype Sync="TRUE">Double</attrtype><attwidth Sync="TRUE">19</attwidth><atprecis Sync="TRUE">18</atprecis><attscale Sync="TRUE">8</attscale></attr><attr><attrlabl Sync="TRUE">point_y</attrlabl><attalias Sync="TRUE">point_y</attalias><attrtype Sync="TRUE">Double</attrtype><attwidth Sync="TRUE">19</attwidth><atprecis Sync="TRUE">18</atprecis><attscale Sync="TRUE">8</attscale></attr><attr><attrlabl Sync="TRUE">Uwagi</attrlabl><attalias Sync="TRUE">uwagi</attalias><attrtype Sync="TRUE">String</attrtype><attwidth Sync="TRUE">254</attwidth><atprecis Sync="TRUE">0</atprecis><attscale Sync="TRUE">0</attscale></attr></detailed></eainfo><mdDateSt Sync="TRUE">20220117</mdDateSt></metadata>
